manager_id,email_address,start_date,last_login,user_id
CDD3AA5D-F8BF-40BB-B220-36147E1B75F7,DBpgjK7yCMiFQPxlmAxKF1nQx,2025-Mar-01,2025-03-23,1
A37D98B9-98E7-43ED-9B27-A79EFDDAC033,SXLgBNdtu2B5kHtfd2L0xxy,2021-Feb-17,2025-02-27,2
4828D9F6-5959-4646-92AD-8A8AD49ABE4A,WQGu1E79lsCAqdIRlty5QNR,2020-Jun-19,2025-03-07,3
A37D98B9-98E7-43ED-9B27-A79EFDDAC033,wiFRUUGXpF5qMIYQL4KesFlHWVL4sOCW1,2021-Oct-01,2025-02-14,4
CDD3AA5D-F8BF-40BB-B220-36147E1B75F7,dcbprGfdi1ce7lgJnLZIvXI,2024-Mar-21,2025-01-22,5
880036D9-568A-47BC-80FB-3C9BC5D74313,s1gJY0C3bc33GicTmKQUvk,2021-Aug-01,2025-03-02,6
CDD3AA5D-F8BF-40BB-B220-36147E1B75F7,FztZGA7XptvNWH1p8Wow3B,2021-Sep-02,2025-01-19,7
CDD3AA5D-F8BF-40BB-B220-36147E1B75F7,JqQbDoy6dHmgtl3icWOs,2024-Mar-02,2025-04-07,8
0213F1C0-01D9-422C-8737-19FBFA902082,YhI8jUhGkYASw8Gw8ldwrk,2023-Nov-19,2025-04-02,9
4828D9F6-5959-4646-92AD-8A8AD49ABE4A,apD6h6iHCIQKCo6Phte3w2sQu,2023-May-15,2025-01-14,10
A37D98B9-98E7-43ED-9B27-A79EFDDAC033,A9LR5w8EO544XP5q9H7qBE,2024-Jan-24,2025-03-13,11
850A74DC-8ED7-4AE0-A998-94A30E8C1E4C,XEDphiCrOVi25locsZXF,2024-Jun-09,2025-01-26,12
2AB96C22-181C-42DC-8B11-3EDAA281D4F8,hc4s2MIwTsYMW3CufpprL,2024-Mar-16,2025-01-20,13
880036D9-568A-47BC-80FB-3C9BC5D74313,3VI3SsDTBXUhgzQug2YxFRqw3,2024-Apr-07,2025-03-29,14
2AB96C22-181C-42DC-8B11-3EDAA281D4F8,AR1aTINAGvkt8uU49Fwzw12OaY1,2023-Jul-04,2025-01-22,15
6A6EE61B-2793-4D65-BDC5-14F849AEEC32,TFRO91oCqn943UHkHpPXIURfw4Jb,2021-May-09,2025-02-05,16
880036D9-568A-47BC-80FB-3C9BC5D74313,DTU87FufEKgbcpMFWT0n5P8cHAo,2022-Jun-25,2025-02-10,17
2AB96C22-181C-42DC-8B11-3EDAA281D4F8,8oLGnGjiYJTa18BZlxAUsC,2020-Nov-04,2025-03-25,18
4828D9F6-5959-4646-92AD-8A8AD49ABE4A,Oe5vjgif6n96yLNmh3L6,2020-Jun-11,2025-01-21,19
CDD3AA5D-F8BF-40BB-B220-36147E1B75F7,8s168wLQM2MVcERnkxQT1,2021-Mar-20,2025-02-13,16
EFEABEA5-981B-4E45-8F13-425C456BF7F6,0iRWw49r5YamXM2ra0w40I,2021-Sep-30,2025-01-16,17
EFEABEA5-981B-4E45-8F13-425C456BF7F6,SKUEufgDyTFMCY8YwkQYxkViT,2022-Feb-22,2025-01-14,20
850A74DC-8ED7-4AE0-A998-94A30E8C1E4C,BVCZUFi4MBvM5xjEbT3FM5y,2023-Feb-25,2025-04-05,21
EFEABEA5-981B-4E45-8F13-425C456BF7F6,eEisZzzxcwTHalWSD1zYxe0XlbR,2024-Oct-07,2025-02-10,18
850A74DC-8ED7-4AE0-A998-94A30E8C1E4C,dGDfyfC3SHvZgPcCCXCAz1EzhI,2021-Aug-11,2025-02-14,22
2AB96C22-181C-42DC-8B11-3EDAA281D4F8,IoRpfcSboaBLhJdhuUbU,2022-Jul-29,2025-04-04,23
A37D98B9-98E7-43ED-9B27-A79EFDDAC033,JAX6m9ZHT7JQHUkncaZmYCJnn3vj,2025-Feb-23,2025-04-03,24
CDD3AA5D-F8BF-40BB-B220-36147E1B75F7,BHmE4QlWteoMVCaRI8mcyoc,2024-Feb-18,2025-03-03,25
A37D98B9-98E7-43ED-9B27-A79EFDDAC033,VpJwMlXbkimklCht4KTS3VcB,2023-May-05,2025-03-13,26
EFEABEA5-981B-4E45-8F13-425C456BF7F6,PWEttBOPRPboIfOFuuxoa6PD3zOby1,2024-Aug-10,2025-03-03,27
CDD3AA5D-F8BF-40BB-B220-36147E1B75F7,KhV0xsOCuiTwKonRB4o38,2024-Aug-26,2025-02-13,28
6A6EE61B-2793-4D65-BDC5-14F849AEEC32,u1BndSzzWHdWvPlTfe0DPTMHy0,2022-Sep-02,2025-02-18,29
6A6EE61B-2793-4D65-BDC5-14F849AEEC32,l9xJHZD18tgAUGmwFAa3pleWZK,2024-Jan-26,2025-02-24,30
0213F1C0-01D9-422C-8737-19FBFA902082,c4iaw2W3K0BFlRftZrw2ofl,2022-Jan-25,2025-02-26,31
6A6EE61B-2793-4D65-BDC5-14F849AEEC32,SnHO0F0xAK2s4ULWDhbt,2020-Aug-03,2025-01-09,32
2AB96C22-181C-42DC-8B11-3EDAA281D4F8,cZpZUi61a6Y5l9SGIfB,2024-Aug-14,2025-02-11,33
880036D9-568A-47BC-80FB-3C9BC5D74313,6EC62fn9Ac07ZSO7mIZWZYVuiy,2023-Aug-14,2025-03-24,4
6A6EE61B-2793-4D65-BDC5-14F849AEEC32,pCjJwmwnGjLpfegm6SnmshVlOjvF,2020-May-18,2025-03-06,34
EFEABEA5-981B-4E45-8F13-425C456BF7F6,kLC5kBGf4QOZDIcP6sNphdH0f,2023-Apr-25,2025-03-05,35
2AB96C22-181C-42DC-8B11-3EDAA281D4F8,PEreT52wMkSRvMAdL7xIuf,2022-Nov-28,2025-03-03,36
4828D9F6-5959-4646-92AD-8A8AD49ABE4A,jpHmQxKRBReAdPDobhMxO,2021-Feb-06,2025-01-18,37
6A6EE61B-2793-4D65-BDC5-14F849AEEC32,6IMFVhCjO8exfv46QHs,2025-Jan-14,2025-01-29,38
4828D9F6-5959-4646-92AD-8A8AD49ABE4A,MsNYzWVCk7uk4eWkkscB2T,2022-Mar-29,2025-02-16,39
880036D9-568A-47BC-80FB-3C9BC5D74313,Bk9qXq9hTgDXzkNFeiwVSZf8,2023-Dec-15,2025-01-09,40
6A6EE61B-2793-4D65-BDC5-14F849AEEC32,bY95wDTn8es5lBMroHfXY,2023-Sep-15,2025-04-01,41
EFEABEA5-981B-4E45-8F13-425C456BF7F6,87VgcQfNHuAKlrBpL55mCi4tJqPT,2023-Oct-16,2025-04-03,42
6A6EE61B-2793-4D65-BDC5-14F849AEEC32,F7Pvxlw8HyldZlXQaWM1ACG2dg3JLo,2025-Mar-04,2025-04-07,43
A37D98B9-98E7-43ED-9B27-A79EFDDAC033,mGqzdvSoMmawHH56mtGJFF7dt,2024-Dec-18,2025-03-14,38
4828D9F6-5959-4646-92AD-8A8AD49ABE4A,g1ddc44UWDFtwdVykTnoxG5,2024-Jan-24,2025-01-10,44
880036D9-568A-47BC-80FB-3C9BC5D74313,VTVk1Fma9iGxxe5kF9KE2zLGHKE0v7,2021-Aug-31,2025-03-10,45
2AB96C22-181C-42DC-8B11-3EDAA281D4F8,KA8hNyZJ271vWgINIvkM,2020-Oct-05,2025-01-17,46
A37D98B9-98E7-43ED-9B27-A79EFDDAC033,waTHkWy3Ouwhhr7X5fe,2023-Aug-12,2025-03-18,4
2AB96C22-181C-42DC-8B11-3EDAA281D4F8,YGeQwsmHdgEkCBy1Ls8P7Oo,2024-Apr-28,2025-01-07,47
EFEABEA5-981B-4E45-8F13-425C456BF7F6,W3goImL5yyyVTHzGbKNPp0,2025-Jan-17,2025-01-25,48
850A74DC-8ED7-4AE0-A998-94A30E8C1E4C,MdnUFbXeU73FU5uBFPYJhHZ,2021-Sep-11,2025-01-10,15
CDD3AA5D-F8BF-40BB-B220-36147E1B75F7,XS2wBm3DVqt1enAQBnayvu5x,2022-Feb-15,2025-01-17,49
EFEABEA5-981B-4E45-8F13-425C456BF7F6,NSv0RplMu8LKVBQyk3Q32RB,2021-Feb-10,2025-02-03,50
78FFE618-36C0-4A45-BB0F-8803B79D2A1F,aFVCXocA9zLoZTNVXCGSLVNI,2023-Dec-25,2025-03-16,51
880036D9-568A-47BC-80FB-3C9BC5D74313,bV1up1D02nDYCRNLEYjLZYDn,2021-Aug-10,2025-02-24,52
2AB96C22-181C-42DC-8B11-3EDAA281D4F8,OywvhjsDa8XSwq5kImRZkGr,2023-Mar-06,2025-04-05,53
78FFE618-36C0-4A45-BB0F-8803B79D2A1F,hZxmKV8vZPuioTUYV,2021-Jul-11,2025-01-08,26
4828D9F6-5959-4646-92AD-8A8AD49ABE4A,IpYNcAlZ9CeObPLoNrjIRYTs6Pz,2021-May-01,2025-03-16,27
6A6EE61B-2793-4D65-BDC5-14F849AEEC32,l3XGyK58aBXwWpKh6uY8el8,2022-Dec-25,2025-02-25,54
6A6EE61B-2793-4D65-BDC5-14F849AEEC32,0zfVYndtofoVnI2q2QjTs,2021-Feb-22,2025-02-11,55
880036D9-568A-47BC-80FB-3C9BC5D74313,USm51qSflFFHZDkMRN9pR,2024-Sep-24,2025-03-15,56
0213F1C0-01D9-422C-8737-19FBFA902082,t0DFYzcazPiPVQSoPW38,2023-May-12,2025-03-17,57
0213F1C0-01D9-422C-8737-19FBFA902082,kO7zVSB4Ty0JvX8Qt5qRlKk6l,2022-Dec-26,2025-03-10,22
EFEABEA5-981B-4E45-8F13-425C456BF7F6,2Tn54KkowKftFAzs1TQGbEk4,2024-May-29,2025-02-12,58
78FFE618-36C0-4A45-BB0F-8803B79D2A1F,LSsfHjICw4DKk6I0IGnfCyi,2024-May-29,2025-02-12,59
880036D9-568A-47BC-80FB-3C9BC5D74313,9uHuiE95oyzFAzQHYK413Tvhs8Gl,2022-Aug-01,2025-03-05,60
880036D9-568A-47BC-80FB-3C9BC5D74313,HLfeoPRkCfwFmU8c0fJiC,2023-Dec-09,2025-01-15,61
EFEABEA5-981B-4E45-8F13-425C456BF7F6,hCEdAJuIUk4CF2ENt29uRiPPH,2020-Dec-04,2025-02-21,62
A37D98B9-98E7-43ED-9B27-A79EFDDAC033,FwrQGBMbeYMLo2NUOwyZ,2022-Dec-27,2025-03-11,63
2AB96C22-181C-42DC-8B11-3EDAA281D4F8,v1FTY9hzGGOjBlQQ86ZRKDH,2024-Feb-08,2025-02-25,64
EFEABEA5-981B-4E45-8F13-425C456BF7F6,Wyhm9VXTWskxwVrr5ZGgliHj3W,2021-Mar-08,2025-02-08,65
2AB96C22-181C-42DC-8B11-3EDAA281D4F8,h5BuCFcI8Jmv8x5oKTzgCRZkyarj,2023-Oct-20,2025-01-22,66
880036D9-568A-47BC-80FB-3C9BC5D74313,zvgGovN5ihhy3oCB4kYyCQcyv,2022-Apr-03,2025-02-21,67
0213F1C0-01D9-422C-8737-19FBFA902082,NLWllpoPI6z7dp05jB0W,2021-Mar-22,2025-01-28,68
78FFE618-36C0-4A45-BB0F-8803B79D2A1F,n7JPA1GdqRL5WSzzt7uFPuszxgx,2022-Jun-02,2025-02-04,69
A37D98B9-98E7-43ED-9B27-A79EFDDAC033,Qp9drCMIKRl8sbJhUDtrZ5Z,2024-Feb-09,2025-04-02,70
CDD3AA5D-F8BF-40BB-B220-36147E1B75F7,pPwDJKBNLNCbPC9TL8AFS,2022-Sep-23,2025-02-07,71
A37D98B9-98E7-43ED-9B27-A79EFDDAC033,4fr8MzHAYjx0o7DRydpwa3,2022-Aug-01,2025-02-09,20
0213F1C0-01D9-422C-8737-19FBFA902082,6V7OcnEUQOUM0iUxz6LSdQbs,2023-Mar-06,2025-01-14,72
78FFE618-36C0-4A45-BB0F-8803B79D2A1F,LpfMlVEE5pLilI2UWYcdx,2023-May-29,2025-03-29,22
EFEABEA5-981B-4E45-8F13-425C456BF7F6,BKdSvN38KjbfETHrrPyP,2022-Mar-15,2025-01-19,73
880036D9-568A-47BC-80FB-3C9BC5D74313,ShEUeqxyM4AoLAZ2oVNdQG9opM,2024-May-29,2025-04-06,74
0213F1C0-01D9-422C-8737-19FBFA902082,lZOMja0hm9cqyRu94WtYR2ns6,2020-Dec-02,2025-03-05,75
A37D98B9-98E7-43ED-9B27-A79EFDDAC033,hWifInr0CBnhA10Ad3kTeRKC0QDmC,2020-Dec-07,2025-03-17,76
A37D98B9-98E7-43ED-9B27-A79EFDDAC033,fXPexact4BbAz4j1n0FQSwrjSlO1,2022-Nov-09,2025-01-08,77
880036D9-568A-47BC-80FB-3C9BC5D74313,iApN61DzRIwmcOArsHPdCgo9SfH,2022-Nov-20,2025-02-15,32
0213F1C0-01D9-422C-8737-19FBFA902082,PNaPvAKTJyX6ZD6WJeSne,2024-Jun-26,2025-02-13,78
2AB96C22-181C-42DC-8B11-3EDAA281D4F8,upwGAT4WTACegKElWyMOo3d0wtF,2022-Jun-18,2025-03-18,79
6A6EE61B-2793-4D65-BDC5-14F849AEEC32,lP40Atr2lTQpxuNSoSS,2023-Oct-21,2025-01-25,80
880036D9-568A-47BC-80FB-3C9BC5D74313,qXLVilstrYGMvsBPulI3I2X,2024-Sep-25,2025-03-05,81
A37D98B9-98E7-43ED-9B27-A79EFDDAC033,5X7umQESsJgdUjs05OBj6Qq,2023-Jul-22,2025-02-04,82
0213F1C0-01D9-422C-8737-19FBFA902082,HUhtUMvmF093zQxPEVtQi,2025-Feb-20,2025-02-08,83
850A74DC-8ED7-4AE0-A998-94A30E8C1E4C,aaOozPI1QqfbeAXxNPAdh3zre,2020-May-31,2025-01-29,84
78FFE618-36C0-4A45-BB0F-8803B79D2A1F,LUk11OrMPIA5d1v0L37wt,2021-Nov-26,2025-03-20,85
0213F1C0-01D9-422C-8737-19FBFA902082,6JRtE2j1p9IZX6VmH7YYyV1NP3On7,2021-Aug-10,2025-04-05,86
A37D98B9-98E7-43ED-9B27-A79EFDDAC033,Os0YZOzoOGmbww8w6082Ux,2020-Dec-03,2025-03-30,87
